,close,high,low,open
2012-01-03 09:30:00,409.30000000000001,409.30000000000001,409.30000000000001,409.30000000000001
2012-01-03 09:35:00,409.79000000000002,410.0,409.0,409.30000000000001
2012-01-03 09:40:00,411.30000000000001,411.5,409.72000000000003,409.79000000000002
2012-01-03 09:45:00,410.83999999999997,411.68000000000001,410.63,411.30000000000001
2012-01-03 09:50:00,411.27999999999997,411.47000000000003,410.70999999999998,410.82999999999998
2012-01-03 09:55:00,411.0,411.5,405.0,411.27999999999997
2012-01-03 10:00:00,411.30000000000001,411.30000000000001,410.92000000000002,410.93599999999998
2012-01-03 10:05:00,411.64999999999998,411.75,411.0,411.27999999999997
2012-01-03 10:10:00,411.88999999999999,412.0,411.58240000000001,411.64999999999998
2012-01-03 10:20:00,412.10000000000002,412.19999999999999,411.56999999999999,411.88999999999999
2012-01-03 10:25:00,412.37119999999999,412.41000000000003,411.0,412.07999999999998
2012-01-03 10:30:00,412.22000000000003,412.5,411.93000000000001,412.36000000000001
2012-01-03 10:35:00,412.0,412.38,411.89999999999998,412.2176
2012-01-03 10:45:00,411.17000000000002,412.07999999999998,411.10000000000002,412.00839999999999
2012-01-03 10:55:00,410.75,411.32999999999998,405.0,411.20999999999998
2012-01-03 11:00:00,410.93000000000001,411.10000000000002,410.69999999999999,410.75
2012-01-03 11:10:00,410.75,411.13,410.74000000000001,410.93000000000001
2012-01-03 11:15:00,411.08999999999997,411.14999999999998,410.74000000000001,410.75
2012-01-03 11:20:00,411.3716,411.45499999999998,411.0,411.10199999999998
2012-01-03 11:30:00,410.9067,411.44,410.80000000000001,411.37
2012-01-03 11:40:00,411.05000000000001,411.33999999999997,410.86000000000001,410.90609999999998
2012-01-03 12:00:00,410.75,411.16000000000003,410.74000000000001,411.07999999999998
2012-01-03 12:05:00,410.88999999999999,410.95999999999998,409.87,410.75
2012-01-03 12:10:00,411.0,411.07999999999998,410.87009999999998,410.88
2012-01-03 12:15:00,410.62,411.02999999999997,410.42000000000002,411.0
2012-01-03 12:20:00,410.77999999999997,410.82999999999998,410.49000000000001,410.62
2012-01-03 12:30:00,410.93000000000001,410.99000000000001,410.52999999999997,410.76999999999998
2012-01-03 12:40:00,409.923,410.97000000000003,409.88,410.92000000000002
2012-01-03 12:45:00,410.44920000000002,410.56999999999999,409.99000000000001,410.0
2012-01-03 13:00:00,409.79000000000002,410.4101,409.56,410.4101
2012-01-03 13:20:00,410.18000000000001,410.22000000000003,409.27999999999997,409.79000000000002
2012-01-03 13:40:00,409.25,410.29000000000002,409.22000000000003,410.18000000000001
2012-01-03 13:50:00,410.79000000000002,410.80000000000001,409.22000000000003,409.25
2012-01-03 14:00:00,410.85000000000002,410.89999999999998,409.38990000000001,410.77999999999997
2012-01-03 14:05:00,411.05000000000001,411.05000000000001,410.74000000000001,410.899
2012-01-03 14:10:00,410.94,411.18000000000001,410.85000000000002,411.05000000000001
2012-01-03 14:15:00,410.79500000000002,411.00999999999999,410.70999999999998,410.94999999999999
2012-01-03 14:20:00,410.74000000000001,410.97129999999999,410.5,410.81999999999999
2012-01-03 14:30:00,410.94999999999999,410.97000000000003,410.63,410.74000000000001
2012-01-03 14:45:00,411.64659999999998,411.64659999999998,410.88999999999999,410.94
2012-01-03 14:50:00,411.44,411.60000000000002,411.35000000000002,411.60000000000002
2012-01-03 15:00:00,411.74000000000001,411.76999999999998,411.17000000000002,411.44
2012-01-03 15:10:00,411.75,411.86000000000001,411.43000000000001,411.75999999999999
2012-01-03 15:20:00,411.83999999999997,411.97000000000003,411.62,411.75999999999999
2012-01-03 15:25:00,411.45999999999998,411.92000000000002,411.44999999999999,411.83999999999997
2012-01-03 15:30:00,411.54000000000002,411.66000000000003,411.41000000000003,411.47000000000003
2012-01-03 15:40:00,411.44,411.81999999999999,411.23000000000002,411.54000000000002
2012-01-03 15:45:00,411.94,411.94,411.435,411.44999999999999
2012-01-03 15:50:00,411.70999999999998,412.04000000000002,411.67000000000002,411.89999999999998
2012-01-03 15:55:00,411.38999999999999,411.85000000000002,411.33999999999997,411.74000000000001
2012-01-03 16:00:00,411.01999999999998,411.39999999999998,410.63999999999999,411.36000000000001
2012-01-04 09:40:00,409.52999999999997,411.55000000000001,409.27999999999997,410.94
2012-01-04 09:45:00,410.20999999999998,410.38999999999999,409.39999999999998,409.42000000000002
2012-01-04 09:50:00,410.88,410.88999999999999,409.98000000000002,410.20099999999996
2012-01-04 09:55:00,410.61500000000001,411.0,410.54000000000002,410.88
2012-01-04 10:00:00,410.73000000000002,410.92000000000002,410.57440000000003,410.61500000000001
2012-01-04 10:10:00,410.39999999999998,411.0,410.27999999999997,410.75
2012-01-04 10:15:00,409.85000000000002,410.42000000000002,409.75,410.39999999999998
2012-01-04 10:20:00,410.05009999999999,410.33999999999997,409.67000000000002,409.81
2012-01-04 10:25:00,410.38,410.38,410.04000000000002,410.05000000000001
2012-01-04 10:30:00,410.24000000000001,410.48000000000002,410.06999999999999,410.37
2012-01-04 10:35:00,410.10000000000002,410.55500000000001,410.0,410.19
2012-01-04 10:40:00,409.48000000000002,410.20999999999998,409.39999999999998,410.12099999999998
2012-01-04 10:45:00,409.98000000000002,410.01999999999998,409.39999999999998,409.48000000000002
2012-01-04 10:50:00,410.22000000000003,410.27690000000001,409.80009999999999,409.83440000000002
2012-01-04 11:00:00,410.86400000000003,410.94,410.18000000000001,410.20099999999996
2012-01-04 11:20:00,411.99000000000001,412.32999999999998,410.73000000000002,410.86000000000001
2012-01-04 11:30:00,412.75,413.38999999999999,412.01530000000002,412.01530000000002
2012-01-04 11:35:00,412.86000000000001,413.04000000000002,412.69999999999999,412.75
2012-01-04 11:40:00,413.43000000000001,413.5,412.81999999999999,412.88
2012-01-04 11:50:00,413.13,413.45999999999998,413.05000000000001,413.43000000000001
2012-01-04 12:00:00,413.07999999999998,413.13999999999999,412.85000000000002,413.12990000000002
2012-01-04 12:05:00,413.18000000000001,413.19999999999999,412.97000000000003,413.07999999999998
2012-01-04 12:10:00,413.43000000000001,413.44999999999999,413.0231,413.18000000000001
2012-01-04 12:15:00,413.38,413.5,413.35000000000002,413.41000000000003
2012-01-04 12:20:00,414.37180000000001,414.45999999999998,413.35000000000002,413.39999999999998
2012-01-04 12:25:00,414.0,414.37,412.5,414.36000000000001
2012-01-04 12:30:00,414.10000000000002,414.13999999999999,413.89999999999998,414.0
2012-01-04 12:35:00,414.30000000000001,414.42759999999998,414.04000000000002,414.12
2012-01-04 12:50:00,413.99000000000001,414.29000000000002,413.851,414.26999999999998
2012-01-04 12:55:00,414.32999999999998,414.39999999999998,414.0,414.0
2012-01-04 13:00:00,414.49000000000001,414.69999999999999,414.30000000000001,414.31
2012-01-04 13:05:00,413.94,414.54000000000002,413.87,414.49000000000001
2012-01-04 13:10:00,413.5,414.20999999999998,413.5,413.93000000000001
2012-01-04 13:20:00,413.39999999999998,413.94999999999999,413.17000000000002,413.5
2012-01-04 13:35:00,413.39999999999998,413.55000000000001,413.05000000000001,413.36000000000001
2012-01-04 13:40:00,413.70999999999998,413.83999999999997,413.42000000000002,413.50999999999999
2012-01-04 14:00:00,414.13999999999999,414.30000000000001,413.58999999999997,413.75
2012-01-04 14:05:00,413.76999999999998,414.185,413.75999999999999,414.10000000000002
2012-01-04 14:10:00,413.50999999999999,413.76999999999998,413.25,413.76999999999998
2012-01-04 14:25:00,413.57999999999998,413.73000000000002,413.0,413.50999999999999
2012-01-04 14:35:00,414.08999999999997,414.25,413.56999999999999,413.56999999999999
2012-01-04 14:45:00,413.99000000000001,414.13999999999999,413.75,414.10000000000002
2012-01-04 14:50:00,413.81999999999999,414.05000000000001,413.64999999999998,413.99000000000001
2012-01-04 15:05:00,413.69999999999999,414.13,411.83699999999999,413.81
2012-01-04 15:15:00,413.44999999999999,413.82999999999998,411.88999999999999,413.70999999999998
2012-01-04 15:20:00,412.87,413.5,412.64999999999998,413.44999999999999
2012-01-04 15:30:00,413.63,413.63999999999999,412.83999999999997,412.83999999999997
2012-01-04 15:40:00,413.75999999999999,413.97000000000003,413.5,413.63
2012-01-04 15:45:00,413.81999999999999,414.19999999999999,413.56,413.76999999999998
2012-01-04 15:50:00,413.86000000000001,413.86000000000001,413.34399999999999,413.81999999999999
2012-01-04 15:55:00,414.20999999999998,414.25999999999999,413.85000000000002,413.86000000000001
2012-01-04 16:00:00,413.44,414.32999999999998,413.25999999999999,414.20999999999998
2012-01-05 09:35:00,414.79000000000002,415.0,413.80000000000001,414.94
2012-01-05 09:40:00,414.97000000000003,415.62,414.52999999999997,414.79000000000002
2012-01-05 09:45:00,413.63999999999999,414.95999999999998,413.30000000000001,414.95999999999998
2012-01-05 09:50:00,413.44999999999999,413.69,412.67000000000002,413.63999999999999
2012-01-05 09:55:00,414.30000000000001,414.63999999999999,413.41000000000003,413.44999999999999
2012-01-05 10:00:00,414.5,414.57999999999998,413.87,414.30000000000001
2012-01-05 10:05:00,414.16000000000003,414.63999999999999,414.0,414.45999999999998
2012-01-05 10:10:00,414.505,414.63999999999999,413.89999999999998,414.18000000000001
2012-01-05 10:15:00,414.38,414.56,413.55130000000003,414.56
2012-01-05 10:20:00,414.75999999999999,415.30000000000001,414.36000000000001,414.44999999999999
2012-01-05 10:30:00,414.76999999999998,415.37,414.5,414.79000000000002
2012-01-05 10:50:00,414.06,414.94990000000001,414.05000000000001,414.79000000000002
2012-01-05 11:00:00,414.51999999999998,414.60000000000002,414.06,414.06
2012-01-05 11:05:00,414.35000000000002,414.73000000000002,414.18000000000001,414.51999999999998
2012-01-05 11:10:00,414.32999999999998,414.5,414.17000000000002,414.31999999999999
2012-01-05 11:15:00,414.42000000000002,414.5,414.22000000000003,414.32999999999998
2012-01-05 11:20:00,414.32999999999998,414.58999999999997,414.22000000000003,414.42000000000002
2012-01-05 11:25:00,414.47000000000003,414.85000000000002,414.24000000000001,414.32999999999998
2012-01-05 11:40:00,415.12569999999999,415.25,414.47000000000003,414.47000000000003
2012-01-05 11:45:00,415.13999999999999,415.38,415.07999999999998,415.16000000000003
2012-01-05 11:50:00,415.18000000000001,415.32999999999998,415.10000000000002,415.14999999999998
2012-01-05 12:00:00,415.06,415.38,415.05000000000001,415.19
2012-01-05 12:05:00,415.07999999999998,415.27999999999997,414.89999999999998,415.06
2012-01-05 12:10:00,415.11800000000005,415.20499999999998,414.99000000000001,415.07999999999998
2012-01-05 12:15:00,415.38,415.43000000000001,415.05610000000001,415.14999999999998
2012-01-05 12:25:00,415.81779999999998,415.87,415.30000000000001,415.39999999999998
2012-01-05 12:30:00,416.29000000000002,416.29000000000002,415.80000000000001,415.80000000000001
2012-01-05 12:40:00,415.75,416.33999999999997,415.67000000000002,416.30000000000001
2012-01-05 12:45:00,415.94999999999999,416.11000000000001,415.52999999999997,415.74000000000001
2012-01-05 13:00:00,416.16160000000002,416.19999999999999,415.74000000000001,415.95999999999998
2012-01-05 13:10:00,416.45999999999998,416.54000000000002,415.96159999999998,416.18000000000001
2012-01-05 13:15:00,416.31,416.60000000000002,416.29000000000002,416.45999999999998
2012-01-05 13:20:00,416.38999999999999,416.45999999999998,416.25999999999999,416.31999999999999
2012-01-05 13:25:00,416.36500000000001,416.47000000000003,416.30000000000001,416.38999999999999
2012-01-05 13:30:00,416.77999999999997,416.77999999999997,416.31,416.36500000000001
2012-01-05 13:35:00,416.95999999999998,416.98900000000003,416.69,416.76999999999998
2012-01-05 13:45:00,417.75999999999999,417.85599999999999,416.87,416.95999999999998
2012-01-05 14:00:00,417.82499999999999,417.91000000000003,417.50999999999999,417.75999999999999
2012-01-05 14:05:00,418.05000000000001,418.13780000000003,417.79000000000002,417.83999999999997
2012-01-05 14:10:00,418.00999999999999,418.18000000000001,417.88999999999999,418.01999999999998
2012-01-05 14:15:00,418.38,418.50999999999999,417.95999999999998,418.00999999999999
2012-01-05 14:30:00,417.54000000000002,418.42000000000002,417.44999999999999,418.42000000000002
2012-01-05 14:35:00,417.49000000000001,417.73000000000002,417.39099999999996,417.54000000000002
2012-01-05 14:50:00,417.66900000000004,417.81,417.19999999999999,417.54000000000002
2012-01-05 15:00:00,417.03399999999999,417.77999999999997,416.82999999999998,417.64999999999998
2012-01-05 15:10:00,417.31,417.63999999999999,417.00999999999999,417.05500000000001
2012-01-05 15:20:00,417.02999999999997,417.39999999999998,416.69999999999999,417.315
2012-01-05 15:25:00,417.21499999999997,417.21499999999997,416.92000000000002,417.02999999999997
2012-01-05 15:30:00,417.63,417.73000000000002,417.14999999999998,417.20119999999997
2012-01-05 15:35:00,417.25,417.63869999999997,417.25,417.56999999999999
2012-01-05 15:40:00,417.36000000000001,417.36989999999997,417.125,417.28989999999999
2012-01-05 15:45:00,417.75999999999999,417.93000000000001,417.31999999999999,417.33999999999997
2012-01-05 15:50:00,417.87,417.89999999999998,417.63,417.75999999999999
2012-01-05 15:55:00,417.79000000000002,418.10000000000002,417.57999999999998,417.87
2012-01-05 16:00:00,417.95999999999998,418.55000000000001,417.75999999999999,417.79000000000002
2012-01-06 09:35:00,419.80000000000001,419.98000000000002,419.5,419.76999999999998
2012-01-06 09:40:00,421.25,421.39999999999998,419.80000000000001,419.81
2012-01-06 09:45:00,420.81,421.47000000000003,420.27999999999997,421.25
2012-01-06 09:50:00,420.19,420.87,420.05000000000001,420.79000000000002
2012-01-06 09:55:00,419.41000000000003,420.62279999999998,419.22000000000003,420.19999999999999
2012-01-06 10:00:00,420.07999999999998,420.24000000000001,419.37,419.39999999999998
2012-01-06 10:05:00,420.55270000000002,420.66000000000003,419.89999999999998,420.04000000000002
2012-01-06 10:10:00,420.04000000000002,420.63,419.72000000000003,420.61000000000001
2012-01-06 10:20:00,420.01999999999998,420.5,419.66000000000003,420.00999999999999
2012-01-06 10:30:00,420.16000000000003,420.43000000000001,420.0,420.01999999999998
2012-01-06 10:35:00,420.80000000000001,420.80000000000001,420.14999999999998,420.19999999999999
2012-01-06 10:40:00,420.89099999999996,420.89999999999998,420.64999999999998,420.80000000000001
2012-01-06 10:45:00,420.83999999999997,421.0,420.75,420.89999999999998
2012-01-06 10:50:00,421.19999999999999,421.23000000000002,420.75,420.81999999999999
2012-01-06 11:00:00,420.44630000000001,421.27999999999997,420.31,421.19999999999999
2012-01-06 11:05:00,420.80000000000001,420.85000000000002,420.41000000000003,420.44499999999999
2012-01-06 11:20:00,420.73000000000002,421.13999999999999,420.48000000000002,420.80000000000001
2012-01-06 11:25:00,420.75,420.81,420.69,420.77999999999997
2012-01-06 11:30:00,420.87,421.0,420.73000000000002,420.75
2012-01-06 11:35:00,420.92000000000002,421.00999999999999,420.76999999999998,420.87
2012-01-06 11:45:00,420.93000000000001,421.23000000000002,420.81999999999999,420.92000000000002
2012-01-06 12:00:00,420.64999999999998,421.06,420.62,420.93000000000001
2012-01-06 12:05:00,420.63999999999999,420.73000000000002,420.54000000000002,420.64999999999998
2012-01-06 12:10:00,420.37,420.64999999999998,420.33999999999997,420.63999999999999
2012-01-06 12:35:00,420.95999999999998,420.98000000000002,420.30000000000001,420.37
2012-01-06 12:45:00,420.77999999999997,421.08300000000003,420.56099999999998,420.97620000000001
2012-01-06 13:30:00,420.75999999999999,420.95999999999998,420.54000000000002,420.81
2012-01-06 13:40:00,421.06,421.14999999999998,420.60000000000002,420.73000000000002
2012-01-06 13:45:00,421.12,421.19,421.0,421.06999999999999
2012-01-06 13:50:00,421.58999999999997,421.58999999999997,421.05000000000001,421.13999999999999
2012-01-06 14:00:00,421.73000000000002,421.79000000000002,421.23000000000002,421.56
2012-01-06 14:05:00,421.31999999999999,421.74000000000001,421.31999999999999,421.73000000000002
2012-01-06 14:10:00,421.726,421.80000000000001,421.27999999999997,421.31999999999999
2012-01-06 14:30:00,422.31999999999999,422.5,421.45999999999998,421.70999999999998
2012-01-06 14:35:00,422.32999999999998,422.47000000000003,422.12400000000002,422.31
2012-01-06 14:40:00,422.01199999999994,422.38999999999999,422.00999999999999,422.31199999999995
2012-01-06 15:00:00,421.86000000000001,422.19999999999999,421.75999999999999,422.00999999999999
2012-01-06 15:15:00,421.87,422.15499999999997,421.75,421.91000000000003
2012-01-06 15:20:00,421.50310000000002,421.89999999999998,421.30000000000001,421.87
2012-01-06 15:30:00,421.68000000000001,421.85000000000002,421.38999999999999,421.5016
2012-01-06 15:45:00,422.58999999999997,422.60000000000002,421.5,421.63999999999999
2012-01-06 15:50:00,422.45999999999998,422.75,422.33999999999997,422.58999999999997
2012-01-06 15:55:00,422.22000000000003,422.5,421.91000000000003,422.45999999999998
2012-01-06 16:00:00,422.44,422.58999999999997,422.18400000000003,422.22000000000003
2012-01-09 09:35:00,425.82999999999998,426.76999999999998,422.31,422.44
2012-01-09 09:40:00,425.88,425.94990000000001,424.56999999999999,425.83999999999997
2012-01-09 09:45:00,426.39999999999998,426.55000000000001,425.56,425.86500000000001
2012-01-09 09:50:00,425.75999999999999,426.48000000000002,425.60000000000002,426.3999
2012-01-09 09:55:00,426.25,426.5,425.64240000000001,425.72500000000002
2012-01-09 10:00:00,426.13999999999999,426.45999999999998,425.70999999999998,426.23000000000002
2012-01-09 10:05:00,425.69999999999999,426.31999999999999,425.68000000000001,426.13
2012-01-09 10:10:00,425.75999999999999,426.25,425.62240000000003,425.72000000000003
2012-01-09 10:15:00,425.64999999999998,425.86000000000001,425.38,425.75
2012-01-09 10:20:00,426.93000000000001,427.27999999999997,425.56,425.64999999999998
2012-01-09 10:25:00,426.50999999999999,427.38010000000003,426.13999999999999,426.93000000000001
2012-01-09 10:30:00,426.80900000000003,427.08999999999997,426.36000000000001,426.50999999999999
2012-01-09 10:40:00,427.548,427.64999999999998,426.29000000000002,426.75999999999999
2012-01-09 10:45:00,426.68000000000001,427.75,426.68000000000001,427.51999999999998
2012-01-09 10:50:00,426.57999999999998,427.04000000000002,426.57999999999998,426.68000000000001
2012-01-09 10:55:00,426.37,426.82599999999996,426.20999999999998,426.57999999999998
2012-01-09 11:10:00,424.93709999999999,426.44999999999999,424.87,426.35000000000002
2012-01-09 11:15:00,425.14999999999998,425.14999999999998,424.67000000000002,424.9366
2012-01-09 11:20:00,425.06220000000002,425.63999999999999,425.02999999999997,425.14999999999998
2012-01-09 11:50:00,425.07999999999998,425.91000000000003,424.69999999999999,425.06999999999999
2012-01-09 12:00:00,422.98989999999998,425.16000000000003,422.88,425.04000000000002
2012-01-09 12:05:00,422.07900000000001,423.24000000000001,421.35000000000002,422.98869999999999
2012-01-09 12:20:00,423.5,423.99000000000001,421.75,422.10000000000002
2012-01-09 12:35:00,423.89999999999998,426.05990000000003,422.80000000000001,423.5
2012-01-09 12:40:00,424.05000000000001,424.17000000000002,423.86000000000001,423.89999999999998
2012-01-09 13:10:00,423.70999999999998,424.26999999999998,423.51999999999998,424.05000000000001
2012-01-09 13:20:00,423.92000000000002,424.13,423.38,423.70999999999998
2012-01-09 13:25:00,423.89999999999998,424.0,423.82999999999998,423.92000000000002
2012-01-09 13:30:00,423.81999999999999,423.98000000000002,423.75999999999999,423.89999999999998
2012-01-09 13:40:00,423.26999999999998,423.92000000000002,423.11000000000001,423.81999999999999
2012-01-09 14:00:00,423.35000000000002,423.93300000000005,423.22000000000003,423.26999999999998
2012-01-09 14:05:00,423.37,423.55000000000001,423.19999999999999,423.35000000000002
2012-01-09 14:15:00,424.85000000000002,424.99000000000001,423.37,423.37
2012-01-09 14:30:00,424.52999999999997,424.93000000000001,424.37,424.85000000000002
2012-01-09 14:35:00,424.63,424.75,424.35000000000002,424.54000000000002
2012-01-09 14:45:00,424.83999999999997,424.99000000000001,424.5301,424.62
2012-01-09 14:50:00,424.37,424.86000000000001,424.30000000000001,424.815
2012-01-09 14:55:00,423.07999999999998,424.47000000000003,423.07999999999998,424.34500000000003
2012-01-09 15:00:00,423.20599999999996,423.25,422.5,423.08999999999997
2012-01-09 15:05:00,423.5,423.69999999999999,423.00999999999999,423.17000000000002
2012-01-09 15:10:00,423.49000000000001,423.77999999999997,423.25999999999999,423.5
2012-01-09 15:30:00,422.98000000000002,423.55990000000003,422.54000000000002,423.5
2012-01-09 15:45:00,422.25999999999999,423.25999999999999,422.24000000000001,422.97000000000003
2012-01-09 15:50:00,421.92009999999999,422.66000000000003,421.88999999999999,422.26999999999998
2012-01-09 15:55:00,421.80000000000001,422.06999999999999,421.64999999999998,421.92099999999999
2012-01-09 16:00:00,421.62,425.71510000000001,421.51999999999998,421.80000000000001
2012-01-10 09:35:00,425.11000000000001,426.0,421.70400000000001,421.70400000000001
2012-01-10 09:40:00,424.77999999999997,425.33999999999997,424.25999999999999,425.06999999999999
2012-01-10 09:45:00,425.07999999999998,425.35000000000002,424.63999999999999,424.76900000000001
2012-01-10 09:55:00,424.42000000000002,425.29000000000002,423.91000000000003,425.13999999999999
2012-01-10 10:00:00,424.49000000000001,424.55000000000001,423.60000000000002,424.42000000000002
2012-01-10 10:05:00,425.18000000000001,425.25,424.27730000000003,424.48000000000002
2012-01-10 10:10:00,425.18000000000001,425.25,424.32400000000001,425.18000000000001
2012-01-10 10:15:00,425.18699999999995,425.57999999999998,425.0,425.18000000000001
2012-01-10 10:20:00,424.87,425.31,424.80099999999999,425.18000000000001
2012-01-10 10:30:00,424.29500000000002,424.93000000000001,423.83999999999997,424.85000000000002
2012-01-10 10:40:00,424.60000000000002,424.89999999999998,423.86000000000001,424.29000000000002
2012-01-10 10:45:00,424.48009999999999,424.87,424.48009999999999,424.60000000000002
2012-01-10 10:55:00,423.99400000000003,424.76999999999998,423.94999999999999,424.48000000000002
2012-01-10 11:00:00,424.53649999999999,424.67000000000002,423.99400000000003,424.00099999999998
2012-01-10 11:05:00,424.55000000000001,424.73000000000002,424.35000000000002,424.51999999999998
2012-01-10 11:15:00,424.75999999999999,424.92000000000002,424.35000000000002,424.54070000000002
2012-01-10 11:20:00,424.77999999999997,424.95300000000003,424.75,424.75999999999999
2012-01-10 11:25:00,424.57099999999997,424.95999999999998,424.56,424.74000000000001
2012-01-10 11:30:00,424.52999999999997,424.66000000000003,424.35000000000002,424.56999999999999
2012-01-10 11:35:00,424.56,424.86000000000001,424.43000000000001,424.51999999999998
2012-01-10 11:45:00,424.18000000000001,424.69,423.88,424.56999999999999
2012-01-10 11:50:00,423.88,424.20999999999998,423.88,424.19
2012-01-10 11:55:00,424.0,424.20999999999998,423.75,423.88
2012-01-10 12:00:00,423.32010000000002,424.0598,423.31999999999999,424.0
2012-01-10 12:10:00,423.73000000000002,424.3963,423.07999999999998,423.31999999999999
2012-01-10 12:20:00,422.97500000000002,423.70999999999998,422.94999999999999,423.69499999999999
2012-01-10 12:30:00,422.01999999999998,422.9778,421.5,422.93000000000001
2012-01-10 12:35:00,422.06,422.12,421.70999999999998,422.00999999999999
2012-01-10 12:40:00,421.75999999999999,422.06,421.72000000000003,422.06
2012-01-10 12:45:00,422.07999999999998,422.10000000000002,421.73000000000002,421.75999999999999
2012-01-10 12:55:00,422.11000000000001,422.18000000000001,421.57999999999998,422.12
2012-01-10 13:00:00,422.10000000000002,422.11000000000001,421.81,422.11000000000001
2012-01-10 13:15:00,421.95999999999998,422.69,421.85000000000002,422.10000000000002
2012-01-10 13:20:00,422.19,422.37,421.66030000000001,421.95999999999998
2012-01-10 13:25:00,421.97000000000003,422.25,421.92000000000002,422.23520000000002
2012-01-10 13:45:00,423.64999999999998,423.88999999999999,421.80000000000001,421.97000000000003
2012-01-10 14:00:00,423.17000000000002,423.72500000000002,423.08999999999997,423.67000000000002
2012-01-10 14:05:00,423.17000000000002,423.29000000000002,422.87,423.17000000000002
2012-01-10 14:10:00,423.20999999999998,423.30000000000001,423.17000000000002,423.18000000000001
2012-01-10 14:25:00,423.61000000000001,423.87,423.17000000000002,423.19999999999999
2012-01-10 14:30:00,423.32999999999998,423.75,423.32999999999998,423.62
2012-01-10 14:40:00,423.30239999999998,423.51999999999998,423.06999999999999,423.30000000000001
2012-01-10 14:45:00,423.04000000000002,423.35000000000002,423.00999999999999,423.31999999999999
2012-01-10 14:50:00,423.25,423.33999999999997,423.0,423.02999999999997
2012-01-10 15:10:00,423.94,423.97000000000003,422.92000000000002,423.20999999999998
2012-01-10 15:15:00,423.79500000000002,423.95999999999998,423.66000000000003,423.92000000000002
2012-01-10 15:20:00,423.76999999999998,423.81,423.66000000000003,423.80000000000001
2012-01-10 15:30:00,423.35000000000002,423.82999999999998,423.30000000000001,423.76999999999998
2012-01-10 15:40:00,422.80000000000001,423.36000000000001,422.60000000000002,423.35000000000002
2012-01-10 15:45:00,423.13999999999999,423.18000000000001,422.60000000000002,422.77999999999997
2012-01-10 15:50:00,423.06999999999999,423.55000000000001,422.96109999999999,423.13999999999999
2012-01-10 15:55:00,423.14999999999998,423.31999999999999,423.06999999999999,423.06999999999999
2012-01-10 16:00:00,423.23000000000002,423.24000000000001,422.87,423.14999999999998
2012-01-11 09:35:00,421.31999999999999,423.07800000000003,420.41000000000003,423.07800000000003
2012-01-11 09:40:00,420.26999999999998,421.45999999999998,419.69999999999999,421.31999999999999
2012-01-11 09:45:00,421.06999999999999,421.31999999999999,419.88,420.26999999999998
2012-01-11 09:50:00,421.16000000000003,421.69999999999999,421.05000000000001,421.05000000000001
2012-01-11 10:00:00,420.05500000000001,421.23000000000002,420.00999999999999,421.16000000000003
2012-01-11 10:15:00,419.98000000000002,420.69970000000001,419.31,420.06
2012-01-11 10:20:00,420.35000000000002,420.5,419.94999999999999,419.98000000000002
2012-01-11 10:25:00,420.64999999999998,420.79000000000002,420.19549999999998,420.19549999999998
2012-01-11 10:35:00,421.25999999999999,421.69999999999999,420.53250000000003,420.64999999999998
2012-01-11 10:40:00,421.70999999999998,421.72000000000003,421.30000000000001,421.30000000000001
2012-01-11 10:45:00,421.64999999999998,422.25,421.61099999999999,421.69999999999999
2012-01-11 10:50:00,421.51999999999998,422.08499999999998,421.5,421.62099999999998
2012-01-11 11:05:00,420.86000000000001,421.68000000000001,420.80000000000001,421.5
2012-01-11 11:10:00,420.52999999999997,421.10000000000002,420.50999999999999,420.86000000000001
2012-01-11 11:15:00,420.74000000000001,420.88999999999999,420.50999999999999,420.56
2012-01-11 11:20:00,420.83999999999997,421.06,420.62,420.74000000000001
2012-01-11 11:30:00,420.13,420.84480000000002,420.11000000000001,420.83999999999997
2012-01-11 11:35:00,420.87,420.97000000000003,420.06,420.13
2012-01-11 11:40:00,420.75999999999999,421.14999999999998,420.66500000000002,420.94999999999999
2012-01-11 11:45:00,420.89999999999998,421.38,420.75,420.75999999999999
2012-01-11 11:55:00,420.99000000000001,421.39999999999998,420.89010000000002,420.89999999999998
2012-01-11 12:00:00,420.90010000000001,421.18000000000001,420.87,420.99599999999998
2012-01-11 12:05:00,420.80000000000001,421.19999999999999,420.69999999999999,420.91000000000003
2012-01-11 12:25:00,420.61000000000001,421.07999999999998,420.48000000000002,420.77999999999997
2012-01-11 12:30:00,420.54000000000002,420.87,420.52999999999997,420.61000000000001
2012-01-11 12:35:00,420.39999999999998,420.82999999999998,420.32999999999998,420.52999999999997
2012-01-11 12:40:00,420.41239999999999,420.81,420.29000000000002,420.35000000000002
2012-01-11 12:50:00,420.54000000000002,420.91000000000003,420.37099999999998,420.41000000000003
2012-01-11 13:00:00,420.56240000000003,420.85000000000002,420.5,420.54000000000002
2012-01-11 14:10:00,421.55000000000001,421.80000000000001,420.375,420.62990000000002
2012-01-11 14:15:00,421.56,421.60000000000002,421.30000000000001,421.56
2012-01-11 14:20:00,421.51900000000001,421.589,421.42000000000002,421.54000000000002
2012-01-11 14:40:00,421.60000000000002,421.60000000000002,421.0,421.51999999999998
2012-01-11 14:45:00,421.60000000000002,421.87,421.56999999999999,421.60000000000002
2012-01-11 14:55:00,421.37,421.74000000000001,421.27999999999997,421.584
2012-01-11 15:10:00,421.38,421.64999999999998,421.25999999999999,421.36000000000001
2012-01-11 15:15:00,421.51999999999998,421.54000000000002,421.36000000000001,421.37
2012-01-11 15:20:00,421.54000000000002,421.61000000000001,421.4409,421.54000000000002
2012-01-11 15:30:00,421.95999999999998,422.0,421.25,421.54000000000002
2012-01-11 15:35:00,422.22000000000003,422.27999999999997,421.81999999999999,421.95999999999998
2012-01-11 15:45:00,422.47000000000003,422.85000000000002,422.19,422.19999999999999
2012-01-11 15:50:00,422.22000000000003,422.48000000000002,422.10000000000002,422.48000000000002
2012-01-11 15:55:00,422.76999999999998,422.81,422.22000000000003,422.22000000000003
2012-01-11 16:00:00,422.55000000000001,422.79000000000002,422.25,422.75999999999999
2012-01-12 09:35:00,421.31,422.89999999999998,421.31,422.50999999999999
2012-01-12 09:45:00,421.25999999999999,422.29950000000002,421.0,421.31
2012-01-12 09:50:00,420.77999999999997,421.62,420.73000000000002,421.26999999999998
2012-01-12 10:00:00,421.31,421.80000000000001,420.23009999999999,420.755
2012-01-12 10:10:00,419.8501,421.94999999999999,419.76999999999998,421.39999999999998
2012-01-12 10:20:00,419.80000000000001,420.74000000000001,419.60000000000002,419.8501
2012-01-12 10:25:00,419.64999999999998,420.11000000000001,419.60000000000002,419.81999999999999
2012-01-12 10:30:00,420.49000000000001,422.41000000000003,419.60000000000002,419.67000000000002
2012-01-12 10:40:00,419.22800000000001,420.4778,419.19,420.4778
2012-01-12 10:45:00,419.26999999999998,419.95819999999998,419.02999999999997,419.19
2012-01-12 10:50:00,419.06999999999999,419.36000000000001,418.75,419.26999999999998
2012-01-12 10:55:00,419.673,419.68000000000001,418.85000000000002,419.10000000000002
2012-01-12 11:15:00,420.12,420.19999999999999,419.31079999999997,419.67000000000002
2012-01-12 11:25:00,420.11000000000001,420.75999999999999,420.06999999999999,420.13999999999999
2012-01-12 11:30:00,420.43000000000001,420.61000000000001,420.11400000000003,420.12
2012-01-12 11:35:00,420.45999999999998,420.52999999999997,420.06,420.43000000000001
2012-01-12 11:40:00,420.60410000000002,420.63999999999999,420.19999999999999,420.45999999999998
2012-01-12 11:50:00,420.91000000000003,420.98000000000002,420.44,420.60570000000001
2012-01-12 11:55:00,420.77999999999997,421.13990000000001,420.75999999999999,420.91500000000002
2012-01-12 12:10:00,420.41399999999999,421.1309,420.29000000000002,420.75999999999999
2012-01-12 12:15:00,420.9776,421.04000000000002,420.36099999999999,420.40699999999998
2012-01-12 12:20:00,421.11000000000001,421.19999999999999,420.86000000000001,420.98000000000002
2012-01-12 12:30:00,420.63999999999999,421.19999999999999,420.63999999999999,421.11000000000001
2012-01-12 12:55:00,421.10000000000002,421.14999999999998,420.39999999999998,420.63
2012-01-12 13:05:00,421.62,421.80000000000001,421.00999999999999,421.07599999999996
2012-01-12 13:20:00,421.34989999999999,421.709,420.89999999999998,421.61000000000001
2012-01-12 13:30:00,421.35000000000002,421.47000000000003,421.25,421.35000000000002
2012-01-12 13:40:00,420.77999999999997,421.47000000000003,420.74000000000001,421.35000000000002
2012-01-12 14:00:00,421.48000000000002,421.64999999999998,420.75,420.75999999999999
2012-01-12 14:05:00,421.72000000000003,421.75,421.38,421.49000000000001
2012-01-12 14:25:00,421.64999999999998,421.89999999999998,421.06,421.7122
2012-01-12 14:45:00,421.97000000000003,422.31999999999999,421.5,421.64999999999998
2012-01-12 14:50:00,421.62,422.06,421.5,421.97000000000003
2012-01-12 14:55:00,421.69999999999999,421.69999999999999,421.5,421.57999999999998
2012-01-12 15:00:00,421.92500000000001,421.94999999999999,421.6848,421.69999999999999
2012-01-12 15:10:00,421.30000000000001,421.94999999999999,421.27999999999997,421.9375
2012-01-12 15:30:00,421.50999999999999,421.73000000000002,421.00999999999999,421.30000000000001
2012-01-12 15:35:00,421.25,421.74000000000001,421.13999999999999,421.55000000000001
2012-01-12 15:45:00,421.54000000000002,421.67520000000002,421.19,421.24000000000001
2012-01-12 15:50:00,421.62,421.64999999999998,421.31,421.52999999999997
2012-01-12 15:55:00,421.38,421.68000000000001,421.38,421.63
2012-01-12 16:00:00,421.31,421.5,421.31,421.404
2012-01-13 09:35:00,419.33999999999997,421.31,418.66000000000003,421.31
2012-01-13 09:40:00,419.80500000000001,419.88999999999999,419.30000000000001,419.38999999999999
2012-01-13 09:45:00,419.69999999999999,419.94,418.86000000000001,419.80500000000001
2012-01-13 09:50:00,420.01999999999998,420.17000000000002,419.62,419.73400000000004
2012-01-13 09:55:00,420.00999999999999,420.44999999999999,419.83999999999997,420.05000000000001
2012-01-13 10:00:00,419.5,420.36000000000001,419.38999999999999,420.00999999999999
2012-01-13 10:05:00,420.06,420.13,419.35000000000002,419.5
2012-01-13 10:10:00,419.82999999999998,420.08999999999997,419.66000000000003,420.08999999999997
2012-01-13 10:15:00,419.60000000000002,419.93000000000001,419.24000000000001,419.81
2012-01-13 10:20:00,419.50999999999999,419.79000000000002,419.26999999999998,419.60000000000002
2012-01-13 10:30:00,419.50009999999997,419.75999999999999,419.02999999999997,419.5
2012-01-13 10:40:00,419.17509999999999,419.64999999999998,419.12,419.50009999999997
2012-01-13 10:55:00,418.892,419.27999999999997,418.76999999999998,419.17180000000002
2012-01-13 11:00:00,419.26639999999998,419.35000000000002,418.86000000000001,418.88
2012-01-13 11:10:00,419.39879999999999,419.60000000000002,418.90649999999999,419.24000000000001
2012-01-13 11:25:00,419.79000000000002,419.86000000000001,419.20999999999998,419.3424
2012-01-13 11:30:00,419.77999999999997,419.88,419.44999999999999,419.79000000000002
2012-01-13 11:35:00,419.98000000000002,420.25,419.70999999999998,419.76999999999998
2012-01-13 11:45:00,419.52800000000002,420.10000000000002,419.35000000000002,419.98000000000002
2012-01-13 11:50:00,419.57999999999998,419.68759999999997,419.42000000000002,419.53199999999998
2012-01-13 12:00:00,419.86000000000001,420.0,419.56999999999999,419.58999999999997
2012-01-13 12:15:00,419.55000000000001,419.87,419.5,419.86000000000001
2012-01-13 12:20:00,419.66000000000003,419.68000000000001,419.42000000000002,419.52999999999997
2012-01-13 12:40:00,419.35000000000002,419.70999999999998,419.05000000000001,419.67000000000002
2012-01-13 12:45:00,419.20999999999998,419.35000000000002,419.10000000000002,419.35000000000002
2012-01-13 13:10:00,419.29000000000002,419.74000000000001,419.10000000000002,419.20999999999998
2012-01-13 13:15:00,419.31999999999999,419.44999999999999,419.26999999999998,419.30000000000001
2012-01-13 13:20:00,419.41000000000003,419.44999999999999,419.23000000000002,419.31999999999999
2012-01-13 13:45:00,419.13999999999999,419.66000000000003,419.0,419.42000000000002
2012-01-13 13:50:00,419.30000000000001,419.42500000000001,419.13,419.13
2012-01-13 14:25:00,419.66000000000003,419.77999999999997,419.20999999999998,419.30000000000001
2012-01-13 14:40:00,419.62,419.81999999999999,419.52999999999997,419.66000000000003
2012-01-13 14:45:00,419.35000000000002,419.64999999999998,419.31,419.62
2012-01-13 15:05:00,419.60669999999999,419.66000000000003,419.13,419.35000000000002
2012-01-13 15:10:00,419.87,419.94999999999999,419.51999999999998,419.6096
2012-01-13 15:20:00,420.00999999999999,420.15499999999997,419.83999999999997,419.86000000000001
2012-01-13 15:25:00,420.065,420.11500000000001,419.88,420.00999999999999
2012-01-13 15:30:00,420.06,420.22000000000003,419.91000000000003,420.07999999999998
2012-01-13 15:35:00,419.952,420.22000000000003,419.93000000000001,420.06
2012-01-13 15:40:00,419.79000000000002,420.05000000000001,419.75999999999999,419.97000000000003
2012-01-13 15:45:00,419.69999999999999,419.87,419.68000000000001,419.80000000000001
2012-01-13 15:50:00,420.05000000000001,420.12,419.63,419.67000000000002
2012-01-13 15:55:00,419.86000000000001,420.19999999999999,419.79000000000002,420.05000000000001
2012-01-13 16:00:00,419.95499999999998,419.99000000000001,419.69999999999999,419.88
2012-01-17 09:35:00,423.91000000000003,424.88999999999999,423.39999999999998,424.19999999999999
2012-01-17 09:40:00,424.56,424.61989999999997,423.60000000000002,423.98000000000002
2012-01-17 09:45:00,424.66000000000003,424.86000000000001,424.10000000000002,424.55000000000001
2012-01-17 09:50:00,425.11400000000003,425.18000000000001,424.32999999999998,424.66000000000003
2012-01-17 10:00:00,424.92000000000002,425.19,424.56,425.14999999999998
2012-01-17 10:05:00,424.97000000000003,425.08999999999997,424.69999999999999,424.93000000000001
2012-01-17 10:10:00,424.80000000000001,425.07999999999998,424.80000000000001,424.98000000000002
2012-01-17 10:25:00,425.41000000000003,425.44999999999999,424.39999999999998,424.80000000000001
2012-01-17 10:30:00,425.49000000000001,425.5,425.32999999999998,425.38999999999999
2012-01-17 10:35:00,425.63,425.82999999999998,425.39890000000003,425.49000000000001
2012-01-17 10:40:00,425.33999999999997,425.79000000000002,425.19999999999999,425.62
2012-01-17 10:45:00,425.64659999999998,425.64659999999998,425.20999999999998,425.33999999999997
2012-01-17 10:50:00,425.63999999999999,425.77999999999997,425.5,425.60599999999999
2012-01-17 10:55:00,425.42000000000002,425.76999999999998,425.27999999999997,425.67000000000002
2012-01-17 11:00:00,425.54000000000002,425.55000000000001,425.14999999999998,425.39999999999998
2012-01-17 11:15:00,425.55000000000001,425.72000000000003,425.41000000000003,425.54000000000002
2012-01-17 11:20:00,425.89999999999998,425.94999999999999,425.54000000000002,425.56
2012-01-17 11:35:00,425.75,425.95999999999998,424.19290000000001,425.89999999999998
2012-01-17 11:40:00,425.77999999999997,425.94999999999999,425.70999999999998,425.75
2012-01-17 11:45:00,425.67000000000002,425.89999999999998,425.64999999999998,425.81999999999999
2012-01-17 11:55:00,425.75,425.99000000000001,425.64999999999998,425.67000000000002
2012-01-17 12:00:00,425.85000000000002,425.88,425.71600000000001,425.75
2012-01-17 12:15:00,425.81,425.94,425.64999999999998,425.83999999999997
2012-01-17 12:30:00,425.58999999999997,425.92000000000002,425.52999999999997,425.83999999999997
2012-01-17 12:35:00,425.51999999999998,425.69999999999999,425.44999999999999,425.58999999999997
2012-01-17 12:40:00,425.43000000000001,425.58999999999997,425.18000000000001,425.5154
2012-01-17 12:55:00,425.56,425.66000000000003,425.42000000000002,425.44
2012-01-17 13:00:00,425.5,425.61000000000001,425.39999999999998,425.55000000000001
2012-01-17 13:05:00,425.63,425.64999999999998,425.47000000000003,425.5
2012-01-17 13:15:00,425.51999999999998,425.63999999999999,425.43000000000001,425.58999999999997
2012-01-17 13:20:00,425.5,425.55000000000001,425.43000000000001,425.52999999999997
2012-01-17 13:30:00,425.59640000000002,425.66000000000003,425.44999999999999,425.5
2012-01-17 13:35:00,425.38999999999999,425.66000000000003,425.32999999999998,425.58999999999997
2012-01-17 13:40:00,425.54000000000002,425.62,425.36660000000001,425.36660000000001
2012-01-17 13:50:00,425.43000000000001,425.64999999999998,425.39999999999998,425.55000000000001
2012-01-17 13:55:00,425.19999999999999,425.49000000000001,425.19999999999999,425.43000000000001
2012-01-17 14:30:00,424.61000000000001,425.44999999999999,424.5,425.22500000000002
2012-01-17 14:35:00,424.39999999999998,424.73000000000002,424.31,424.62
2012-01-17 14:40:00,423.87,424.51999999999998,423.82999999999998,424.41000000000003
2012-01-17 14:55:00,423.61000000000001,423.99000000000001,423.5,423.91000000000003
2012-01-17 15:05:00,424.13,424.149,423.5,423.61000000000001
2012-01-17 15:10:00,423.52999999999997,424.24000000000001,423.50999999999999,424.13999999999999
2012-01-17 15:20:00,423.20999999999998,423.58999999999997,422.95999999999998,423.50999999999999
2012-01-17 15:25:00,423.52999999999997,423.6216,423.19999999999999,423.20999999999998
2012-01-17 15:40:00,424.22000000000003,424.25,423.39999999999998,423.52999999999997
2012-01-17 15:45:00,424.38,424.57999999999998,424.10000000000002,424.22000000000003
2012-01-17 15:50:00,424.33999999999997,424.55000000000001,424.19999999999999,424.38
2012-01-17 15:55:00,424.31900000000002,424.48000000000002,424.25999999999999,424.35000000000002
2012-01-17 16:00:00,424.69999999999999,425.63409999999999,424.24000000000001,424.31800000000004
2012-01-18 09:35:00,426.95999999999998,427.20999999999998,426.30000000000001,426.91000000000003
2012-01-18 09:40:00,427.83999999999997,427.94999999999999,426.77999999999997,426.95999999999998
2012-01-18 09:45:00,427.79000000000002,428.07999999999998,427.19999999999999,427.84500000000003
2012-01-18 09:50:00,427.577,427.98000000000002,427.36000000000001,427.79000000000002
2012-01-18 09:55:00,427.29000000000002,427.80000000000001,426.92000000000002,427.55000000000001
2012-01-18 10:00:00,426.92800000000005,427.39999999999998,426.51999999999998,427.26999999999998
2012-01-18 10:10:00,427.54930000000002,427.89999999999998,426.88999999999999,426.94999999999999
2012-01-18 10:15:00,427.25,427.67000000000002,427.10000000000002,427.5
2012-01-18 10:20:00,426.93619999999999,427.32999999999998,426.75,427.25
2012-01-18 10:25:00,427.30900000000003,427.38,426.81999999999999,426.94
2012-01-18 10:30:00,427.35000000000002,427.5326,427.13,427.25240000000002
2012-01-18 10:35:00,427.50990000000002,427.62,427.29000000000002,427.37
2012-01-18 10:40:00,427.75999999999999,427.81999999999999,427.35000000000002,427.50999999999999
2012-01-18 10:45:00,427.26999999999998,427.86000000000001,427.23000000000002,427.75
2012-01-18 11:05:00,427.19999999999999,427.5,427.0,427.25999999999999
2012-01-18 11:15:00,427.29000000000002,427.49000000000001,427.14999999999998,427.19999999999999
2012-01-18 11:20:00,427.17000000000002,427.36000000000001,424.68529999999998,427.30000000000001
2012-01-18 11:30:00,426.82999999999998,427.41000000000003,426.80000000000001,427.17000000000002
2012-01-18 11:40:00,426.88,427.33999999999997,426.75999999999999,426.82999999999998
2012-01-18 12:00:00,427.14999999999998,427.25,426.76999999999998,426.94
2012-01-18 12:05:00,426.95850000000002,427.16000000000003,426.89999999999998,427.10000000000002
2012-01-18 12:25:00,427.93000000000001,428.0,426.91000000000003,426.95999999999998
2012-01-18 12:30:00,427.98000000000002,428.0,427.80000000000001,427.94
2012-01-18 12:40:00,427.81999999999999,428.04000000000002,427.51999999999998,427.98000000000002
2012-01-18 12:50:00,427.83999999999997,428.10000000000002,427.60000000000002,427.82010000000002
2012-01-18 12:55:00,428.22699999999998,428.24000000000001,424.89960000000002,427.85000000000002
2012-01-18 13:00:00,428.24000000000001,428.42000000000002,428.17000000000002,428.21719999999999
2012-01-18 13:10:00,428.07999999999998,428.45999999999998,428.00999999999999,428.24000000000001
2012-01-18 13:25:00,428.32999999999998,428.44999999999999,427.94999999999999,428.07960000000003
2012-01-18 13:40:00,428.20999999999998,428.44999999999999,428.10000000000002,428.32999999999998
2012-01-18 13:50:00,428.30000000000001,428.38,428.14999999999998,428.20999999999998
2012-01-18 14:20:00,428.19999999999999,428.30000000000001,427.85000000000002,428.30000000000001
2012-01-18 14:30:00,428.44920000000002,428.5,428.17000000000002,428.19999999999999
2012-01-18 14:35:00,428.16000000000003,428.44999999999999,428.12,428.44900000000001
2012-01-18 14:40:00,428.22000000000003,428.27999999999997,428.14999999999998,428.17989999999998
2012-01-18 14:50:00,428.44,428.47000000000003,428.19,428.20999999999998
2012-01-18 15:00:00,428.49000000000001,428.56,428.26999999999998,428.44
2012-01-18 15:10:00,428.96899999999999,428.97000000000003,428.495,428.5
2012-01-18 15:15:00,429.30000000000001,429.30000000000001,428.91000000000003,428.96899999999999
2012-01-18 15:40:00,428.99000000000001,429.47000000000003,428.63999999999999,429.30000000000001
2012-01-18 15:45:00,428.97000000000003,429.08999999999997,428.73559999999998,428.99000000000001
2012-01-18 15:50:00,428.88400000000001,429.04000000000002,428.75,428.97000000000003
2012-01-18 15:55:00,428.93000000000001,429.07999999999998,428.86000000000001,428.88999999999999
2012-01-18 16:00:00,429.08999999999997,429.08999999999997,428.87,428.93000000000001
2012-01-19 09:35:00,430.80000000000001,431.36900000000003,429.81,430.14999999999998
2012-01-19 09:50:00,429.80000000000001,430.69999999999999,429.31999999999999,430.63499999999999
2012-01-19 09:55:00,429.19999999999999,429.82670000000002,428.89999999999998,429.80000000000001
2012-01-19 10:00:00,429.26999999999998,429.68000000000001,429.18000000000001,429.23000000000002
2012-01-19 10:05:00,428.55009999999999,429.39060000000001,428.48000000000002,429.26999999999998
2012-01-19 10:10:00,429.06999999999999,429.12,428.19999999999999,428.64999999999998
2012-01-19 10:15:00,429.27999999999997,429.35000000000002,428.74199999999996,429.06999999999999
2012-01-19 10:20:00,429.22000000000003,429.58999999999997,429.12,429.27999999999997
2012-01-19 10:30:00,429.13999999999999,429.61000000000001,428.98000000000002,429.25
2012-01-19 10:40:00,428.68000000000001,429.31580000000002,428.51999999999998,429.09100000000001
2012-01-19 10:45:00,429.39999999999998,429.43000000000001,428.63,428.68000000000001
2012-01-19 10:50:00,429.69999999999999,429.93000000000001,429.12909999999999,429.39999999999998
2012-01-19 11:00:00,429.60000000000002,429.9676,429.50999999999999,429.72000000000003
2012-01-19 11:10:00,429.80000000000001,430.0,429.51999999999998,429.56999999999999
2012-01-19 11:15:00,429.66000000000003,429.93000000000001,429.58999999999997,429.80000000000001
2012-01-19 11:25:00,429.90499999999997,429.95999999999998,429.61000000000001,429.66000000000003
2012-01-19 11:30:00,429.98000000000002,430.07999999999998,429.87,429.88999999999999
2012-01-19 11:55:00,429.19999999999999,430.01999999999998,429.0,430.0
2012-01-19 12:20:00,429.31999999999999,429.69,429.07999999999998,429.19999999999999
2012-01-19 12:35:00,429.25999999999999,429.85000000000002,429.10000000000002,429.32999999999998
2012-01-19 12:45:00,429.06999999999999,429.29000000000002,429.0,429.29000000000002
2012-01-19 12:50:00,428.79500000000002,429.07999999999998,428.74000000000001,429.07999999999998
2012-01-19 13:10:00,428.88,429.10000000000002,428.78500000000003,428.80000000000001
2012-01-19 13:15:00,429.23000000000002,429.86000000000001,428.85000000000002,428.89999999999998
2012-01-19 13:25:00,429.04000000000002,429.27999999999997,428.98000000000002,429.23000000000002
2012-01-19 13:40:00,429.14999999999998,429.27999999999997,429.0,429.07999999999998
2012-01-19 13:50:00,429.31,429.37,429.14999999999998,429.15010000000001
2012-01-19 14:00:00,429.29000000000002,429.44,429.20999999999998,429.27019999999999
2012-01-19 14:20:00,429.73000000000002,429.76999999999998,429.22000000000003,429.29500000000002
2012-01-19 14:40:00,429.42000000000002,429.7364,429.0,429.7364
2012-01-19 14:55:00,429.14999999999998,429.52460000000002,428.91160000000002,429.42000000000002
2012-01-19 15:20:00,429.08999999999997,429.33999999999997,428.83999999999997,429.14999999999998
2012-01-19 15:30:00,428.62,429.20999999999998,428.56,429.07999999999998
2012-01-19 15:35:00,428.70999999999998,428.95339999999999,428.55000000000001,428.62
2012-01-19 15:45:00,428.61000000000001,428.74000000000001,428.48000000000002,428.70999999999998
2012-01-19 15:50:00,427.93000000000001,428.63999999999999,427.85000000000002,428.62
2012-01-19 15:55:00,426.76999999999998,428.02999999999997,426.64999999999998,427.93000000000001
2012-01-19 16:00:00,427.63,427.76999999999998,426.50999999999999,426.75999999999999
2012-01-20 09:35:00,426.38999999999999,427.63,425.75,427.63
2012-01-20 09:40:00,425.91000000000003,426.58999999999997,425.85000000000002,426.5
2012-01-20 09:45:00,425.95999999999998,426.13999999999999,425.77999999999997,425.91000000000003
2012-01-20 09:50:00,424.82999999999998,426.05000000000001,424.70999999999998,425.95999999999998
2012-01-20 10:00:00,424.48000000000002,424.94,423.12,424.84800000000001
2012-01-20 10:05:00,424.80990000000003,424.86000000000001,424.17000000000002,424.55000000000001
2012-01-20 10:15:00,424.72000000000003,425.0,424.56999999999999,424.81
2012-01-20 10:20:00,424.69099999999997,424.89999999999998,424.57999999999998,424.70999999999998
2012-01-20 10:25:00,424.72000000000003,424.89999999999998,424.55000000000001,424.6961
2012-01-20 10:30:00,424.83999999999997,424.89999999999998,424.64999999999998,424.79000000000002
2012-01-20 10:45:00,424.76999999999998,424.94999999999999,424.67000000000002,424.83999999999997
2012-01-20 10:50:00,424.35000000000002,424.79000000000002,424.11000000000001,424.75999999999999
2012-01-20 10:55:00,424.37,424.54000000000002,424.19999999999999,424.35000000000002
2012-01-20 11:10:00,424.36000000000001,424.55000000000001,424.26999999999998,424.38
2012-01-20 11:15:00,424.44,424.47000000000003,424.30000000000001,424.36000000000001
2012-01-20 11:20:00,424.37,424.44999999999999,424.30000000000001,424.44
2012-01-20 11:30:00,424.31999999999999,424.44999999999999,424.31999999999999,424.36000000000001
2012-01-20 11:35:00,424.12,424.32999999999998,424.11000000000001,424.32499999999999
2012-01-20 11:40:00,424.11000000000001,424.20999999999998,424.03739999999999,424.12
2012-01-20 11:45:00,423.78919999999999,424.17000000000002,423.67000000000002,424.12
2012-01-20 11:50:00,424.01999999999998,424.23099999999999,423.61000000000001,423.81999999999999
2012-01-20 11:55:00,424.00999999999999,424.05500000000001,423.94999999999999,424.01999999999998
2012-01-20 12:05:00,424.08999999999997,424.10000000000002,423.93000000000001,424.00800000000004
2012-01-20 12:10:00,424.06,424.07999999999998,424.0,424.06999999999999
2012-01-20 12:15:00,424.00990000000002,424.06,423.95999999999998,424.06
2012-01-20 12:30:00,423.99000000000001,424.07999999999998,423.95999999999998,423.99000000000001
2012-01-20 12:35:00,424.00999999999999,424.05000000000001,423.93000000000001,423.98000000000002
2012-01-20 12:55:00,424.0,424.05000000000001,423.94,424.0
2012-01-20 13:00:00,423.94999999999999,424.00999999999999,423.92000000000002,424.0
2012-01-20 13:20:00,423.64999999999998,424.05000000000001,423.63,423.94999999999999
2012-01-20 13:30:00,423.44999999999999,423.80000000000001,423.35000000000002,423.68990000000002
2012-01-20 13:40:00,423.339,423.56,423.25,423.41000000000003
2012-01-20 13:45:00,422.98099999999999,423.30099999999999,422.92000000000002,423.30000000000001
2012-01-20 13:55:00,422.24000000000001,423.13800000000003,422.13999999999999,423.02339999999998
2012-01-20 14:00:00,421.18000000000001,422.33999999999997,421.12,422.25
2012-01-20 14:05:00,421.98000000000002,422.06,421.15600000000001,421.185
2012-01-20 14:10:00,421.74000000000001,422.09780000000001,421.62029999999999,421.98000000000002
2012-01-20 14:15:00,421.4522,421.80000000000001,421.38,421.74000000000001
2012-01-20 14:20:00,420.83099999999996,421.51999999999998,420.76999999999998,421.4796
2012-01-20 14:25:00,420.94999999999999,421.0,420.51999999999998,420.79500000000002
2012-01-20 14:30:00,420.91000000000003,421.37800000000004,420.83999999999997,420.97000000000003
2012-01-20 14:35:00,421.11000000000001,421.19,420.89999999999998,420.91000000000003
2012-01-20 14:50:00,420.18000000000001,421.14999999999998,419.88999999999999,421.08999999999997
2012-01-20 15:10:00,421.52999999999997,421.57999999999998,419.75,420.17000000000002
2012-01-20 15:30:00,420.41000000000003,421.61900000000003,420.31,421.52999999999997
2012-01-20 15:35:00,420.91000000000003,421.02999999999997,420.37,420.4599
2012-01-20 15:40:00,420.75999999999999,420.97500000000002,420.66000000000003,420.91000000000003
2012-01-20 15:45:00,420.38999999999999,420.77999999999997,420.31,420.76999999999998
2012-01-20 15:50:00,420.50999999999999,420.55000000000001,420.35000000000002,420.39999999999998
2012-01-20 15:55:00,420.12,420.56999999999999,420.06999999999999,420.52999999999997
2012-01-20 16:00:00,420.30800000000005,420.37,420.0,420.12
2012-01-23 09:35:00,424.16000000000003,424.50999999999999,420.25999999999999,420.25999999999999
2012-01-23 09:40:00,424.86900000000003,425.37,424.13,424.16000000000003
2012-01-23 09:45:00,427.11000000000001,427.20999999999998,424.11000000000001,424.85000000000002
2012-01-23 09:50:00,426.49000000000001,427.64999999999998,426.30000000000001,427.11000000000001
2012-01-23 09:55:00,426.29000000000002,426.81,426.18000000000001,426.49000000000001
2012-01-23 10:00:00,426.63,427.18000000000001,426.24119999999999,426.29000000000002
2012-01-23 10:10:00,427.99000000000001,428.44999999999999,426.56,426.67000000000002
2012-01-23 10:15:00,427.89999999999998,428.00199999999995,427.63,427.95999999999998
2012-01-23 10:20:00,427.49000000000001,427.91000000000003,427.25,427.89499999999998
2012-01-23 10:25:00,426.93000000000001,427.64999999999998,426.91000000000003,427.47019999999998
2012-01-23 10:30:00,426.56009999999998,427.18000000000001,426.56009999999998,426.91000000000003
2012-01-23 10:35:00,426.81999999999999,426.89460000000003,426.39999999999998,426.56
2012-01-23 10:40:00,427.06479999999999,427.14999999999998,426.69999999999999,426.81990000000002
2012-01-23 10:45:00,426.72000000000003,427.06400000000002,426.63,427.04000000000002
2012-01-23 11:00:00,427.60000000000002,427.60000000000002,426.62,426.77159999999998
2012-01-23 11:05:00,427.52999999999997,427.82999999999998,427.5,427.57999999999998
2012-01-23 11:15:00,426.47000000000003,427.66000000000003,426.47000000000003,427.52999999999997
2012-01-23 11:20:00,426.38999999999999,426.62079999999997,426.19999999999999,426.44999999999999
2012-01-23 11:30:00,426.55000000000001,426.80000000000001,426.0,426.38400000000001
2012-01-23 11:35:00,426.69,426.77999999999997,426.5,426.55000000000001
2012-01-23 11:40:00,426.23000000000002,426.72500000000002,426.01999999999998,426.69
2012-01-23 11:45:00,425.73000000000002,426.20999999999998,425.52999999999997,426.18000000000001
2012-01-23 11:50:00,426.02999999999997,426.06,425.56,425.73000000000002
2012-01-23 12:00:00,425.45999999999998,426.25900000000001,425.42000000000002,426.0299
2012-01-23 12:05:00,424.93000000000001,425.50999999999999,424.72000000000003,425.45999999999998
2012-01-23 12:10:00,425.17000000000002,425.19,424.63,424.93000000000001
2012-01-23 12:15:00,424.89999999999998,425.27999999999997,424.85000000000002,425.17000000000002
2012-01-23 12:20:00,425.12,425.29000000000002,424.69999999999999,424.88
2012-01-23 12:30:00,425.64010000000002,426.41390000000001,425.04000000000002,425.13999999999999
2012-01-23 12:40:00,425.60000000000002,427.55000000000001,425.41000000000003,425.64999999999998
2012-01-23 12:45:00,425.63999999999999,425.67000000000002,425.48000000000002,425.50330000000002
2012-01-23 13:10:00,425.98000000000002,426.62650000000002,425.36000000000001,425.64999999999998
2012-01-23 13:15:00,426.24000000000001,426.62650000000002,425.75,426.00699999999995
2012-01-23 13:20:00,426.20999999999998,426.31,426.01999999999998,426.23000000000002
2012-01-23 13:25:00,426.68000000000001,426.68000000000001,426.125,426.22000000000003
2012-01-23 13:35:00,426.72500000000002,426.82999999999998,426.44,426.67000000000002
2012-01-23 13:45:00,426.56999999999999,426.976,426.50999999999999,426.69220000000001
2012-01-23 13:50:00,426.72000000000003,426.80000000000001,426.50999999999999,426.56999999999999
2012-01-23 13:55:00,427.07999999999998,427.10000000000002,426.60000000000002,426.72000000000003
2012-01-23 14:05:00,427.08999999999997,427.49000000000001,427.00999999999999,427.06009999999998
2012-01-23 14:10:00,427.03699999999998,427.10000000000002,426.81999999999999,427.08999999999997
2012-01-23 14:20:00,426.54000000000002,427.01999999999998,426.43000000000001,427.01999999999998
2012-01-23 14:25:00,426.70999999999998,426.82999999999998,426.51199999999994,426.54000000000002
2012-01-23 14:30:00,426.63999999999999,426.74000000000001,426.52999999999997,426.69999999999999
2012-01-23 14:45:00,426.19999999999999,426.69,426.17000000000002,426.63
2012-01-23 15:05:00,426.101,426.5,425.81009999999998,426.17000000000002
2012-01-23 15:20:00,426.54989999999998,426.69999999999999,426.101,426.101
2012-01-23 15:25:00,426.65499999999997,426.75,426.45999999999998,426.52999999999997
2012-01-23 15:30:00,426.62,426.75,426.42000000000002,426.69
2012-01-23 15:35:00,427.04000000000002,427.06999999999999,426.60000000000002,426.61279999999999
2012-01-23 15:40:00,427.01099999999997,427.11000000000001,426.89999999999998,427.06
2012-01-23 15:45:00,427.22000000000003,427.32999999999998,427.00999999999999,427.00999999999999
2012-01-23 15:50:00,427.29000000000002,427.48000000000002,427.02999999999997,427.22000000000003
2012-01-23 15:55:00,427.44,427.5,427.25999999999999,427.29000000000002
2012-01-23 16:00:00,427.42000000000002,427.58999999999997,426.8725,427.44
2012-01-24 09:35:00,423.69999999999999,427.56,423.16000000000003,427.42000000000002
2012-01-24 09:40:00,424.55000000000001,424.79000000000002,423.471,423.69999999999999
2012-01-24 09:45:00,424.80000000000001,424.92000000000002,424.11000000000001,424.55000000000001
2012-01-24 09:50:00,424.63,424.88,424.24000000000001,424.80000000000001
2012-01-24 09:55:00,424.16000000000003,424.83999999999997,423.75999999999999,424.57999999999998
2012-01-24 10:00:00,423.88,424.38999999999999,423.80000000000001,424.14999999999998
2012-01-24 10:05:00,424.13999999999999,424.30000000000001,423.27999999999997,423.88999999999999
2012-01-24 10:10:00,424.0,424.30000000000001,423.75999999999999,424.14999999999998
2012-01-24 10:15:00,424.60000000000002,424.75,423.94999999999999,424.0
2012-01-24 10:20:00,424.91079999999999,425.0,424.0,424.58999999999997
2012-01-24 10:30:00,424.17900000000003,424.93000000000001,424.17000000000002,424.89999999999998
2012-01-24 10:45:00,424.54000000000002,424.94,424.06999999999999,424.19999999999999
2012-01-24 11:05:00,423.69999999999999,424.74000000000001,423.64999999999998,424.56
2012-01-24 11:10:00,423.87,424.0,423.51999999999998,423.69999999999999
2012-01-24 11:25:00,424.04000000000002,424.18000000000001,423.75,423.88
2012-01-24 11:30:00,424.01999999999998,424.16000000000003,423.85000000000002,424.0
2012-01-24 11:40:00,423.60000000000002,424.13,423.58999999999997,424.05199999999996
2012-01-24 11:45:00,423.29000000000002,423.72000000000003,423.19999999999999,423.60000000000002
2012-01-24 11:50:00,423.5,423.58999999999997,423.06,423.19999999999999
2012-01-24 11:55:00,423.60000000000002,423.74000000000001,423.5,423.5
2012-01-24 12:00:00,423.56999999999999,423.78899999999999,423.5,423.57999999999998
2012-01-24 12:10:00,424.13800000000003,424.16000000000003,423.5,423.58499999999998
2012-01-24 12:15:00,424.07889999999998,424.13999999999999,423.95999999999998,424.12800000000004
2012-01-24 12:25:00,423.98259999999999,424.30000000000001,423.89999999999998,424.06999999999999
2012-01-24 12:30:00,423.74000000000001,424.00999999999999,423.69,423.99000000000001
2012-01-24 12:35:00,424.17000000000002,424.18000000000001,423.74000000000001,423.74000000000001
2012-01-24 12:50:00,423.72120000000001,424.17000000000002,423.52999999999997,424.15499999999997
2012-01-24 13:00:00,423.91000000000003,424.05000000000001,423.72000000000003,423.75
2012-01-24 13:05:00,423.56849999999997,423.93000000000001,423.5,423.91000000000003
2012-01-24 13:15:00,423.38,423.70999999999998,423.38,423.56099999999998
2012-01-24 13:20:00,423.37,423.46809999999999,423.26999999999998,423.38
2012-01-24 13:25:00,423.22000000000003,423.5,423.18000000000001,423.37
2012-01-24 13:30:00,422.70999999999998,423.31369999999998,422.62,423.19999999999999
2012-01-24 13:35:00,422.69999999999999,422.95999999999998,422.62,422.73000000000002
2012-01-24 13:40:00,421.11000000000001,423.93239999999997,421.11000000000001,422.69999999999999
2012-01-24 13:45:00,421.61000000000001,421.69,420.86000000000001,421.11000000000001
2012-01-24 13:50:00,421.98500000000001,422.07999999999998,421.44,421.56999999999999
2012-01-24 13:55:00,422.036,422.19,421.79000000000002,422.0
2012-01-24 14:05:00,423.12,423.19,421.85000000000002,422.08999999999997
2012-01-24 14:20:00,422.80000000000001,423.15899999999999,422.75,423.11500000000001
2012-01-24 14:30:00,422.67000000000002,423.0,422.64999999999998,422.79000000000002
2012-01-24 14:40:00,422.38999999999999,422.72000000000003,422.27999999999997,422.66000000000003
2012-01-24 14:45:00,422.26999999999998,422.5,422.05000000000001,422.43400000000003
2012-01-24 14:50:00,422.11000000000001,422.69999999999999,422.06999999999999,422.26999999999998
2012-01-24 14:55:00,421.64999999999998,422.18000000000001,421.63999999999999,422.10910000000001
2012-01-24 15:00:00,422.0,422.19,421.62,421.63999999999999
2012-01-24 15:15:00,422.16000000000003,422.42000000000002,421.57999999999998,422.0
2012-01-24 15:25:00,422.25,422.44,421.98649999999998,422.16000000000003
2012-01-24 15:30:00,422.24000000000001,422.5,422.19999999999999,422.25
2012-01-24 15:35:00,421.62,422.47000000000003,421.60000000000002,422.25880000000001
2012-01-24 15:40:00,421.57999999999998,422.04599999999999,421.36000000000001,421.62
2012-01-24 15:45:00,419.64999999999998,421.82999999999998,419.55000000000001,421.58999999999997
2012-01-24 15:50:00,420.91989999999998,421.19,419.64999999999998,419.66000000000003
2012-01-24 15:55:00,421.31999999999999,421.32999999999998,420.82999999999998,420.91000000000003
2012-01-24 16:00:00,420.44999999999999,421.29000000000002,420.30000000000001,421.26999999999998
2012-01-25 09:35:00,448.79000000000002,454.44999999999999,420.50599999999997,420.50599999999997
2012-01-25 09:40:00,447.55000000000001,450.05000000000001,447.31,448.70999999999998
2012-01-25 09:45:00,449.31,450.505,447.25,447.55000000000001
2012-01-25 09:50:00,449.0,449.88,447.30000000000001,449.31
2012-01-25 09:55:00,449.31,449.55000000000001,448.31,449.0
2012-01-25 10:00:00,448.97000000000003,449.85000000000002,448.69,449.32999999999998
2012-01-25 10:05:00,448.41000000000003,449.06,447.85000000000002,448.94
2012-01-25 10:10:00,445.41000000000003,448.43000000000001,445.41000000000003,448.43000000000001
2012-01-25 10:15:00,446.75999999999999,447.30000000000001,445.22000000000003,445.42000000000002
2012-01-25 10:25:00,447.37,448.56979999999999,446.73000000000002,446.75
2012-01-25 10:30:00,447.44999999999999,447.79000000000002,447.14999999999998,447.37
2012-01-25 10:45:00,446.50999999999999,447.5,446.25999999999999,447.48000000000002
2012-01-25 10:50:00,446.25,446.69,445.79000000000002,446.5
2012-01-25 10:55:00,446.625,447.0,445.83999999999997,446.25
2012-01-25 11:00:00,446.80000000000001,446.88,446.38,446.61900000000003
2012-01-25 11:05:00,447.21510000000001,447.25,446.54000000000002,446.80000000000001
2012-01-25 11:10:00,448.25,448.25,447.10000000000002,447.23000000000002
2012-01-25 11:15:00,448.72900000000004,448.82999999999998,447.65159999999997,448.1918
2012-01-25 11:20:00,448.61500000000001,449.18000000000001,448.50999999999999,448.80000000000001
2012-01-25 11:30:00,449.16800000000001,449.61779999999999,448.52999999999997,448.60300000000001
2012-01-25 11:35:00,448.86000000000001,449.27999999999997,448.14999999999998,449.13999999999999
2012-01-25 11:50:00,448.22219999999999,449.58999999999997,447.69,448.81999999999999
2012-01-25 11:55:00,448.45999999999998,448.55000000000001,448.11309999999997,448.19
2012-01-25 12:10:00,447.62,448.85000000000002,447.36000000000001,448.48000000000002
2012-01-25 12:15:00,447.48000000000002,449.0,447.20999999999998,447.60000000000002
2012-01-25 12:20:00,446.79000000000002,447.73379999999997,446.673,447.5
2012-01-25 12:25:00,446.10000000000002,446.81999999999999,445.89999999999998,446.79000000000002
2012-01-25 12:30:00,446.63,447.25,446.08999999999997,446.11000000000001
2012-01-25 12:35:00,447.38,447.38,446.29000000000002,446.72000000000003
2012-01-25 12:40:00,446.60699999999997,447.44999999999999,446.51999999999998,447.38
2012-01-25 12:45:00,446.08999999999997,447.52350000000001,446.0,446.6585
2012-01-25 12:55:00,445.43000000000001,447.42000000000002,444.77999999999997,446.08999999999997
2012-01-25 13:00:00,444.13,446.4477,443.73000000000002,445.44
2012-01-25 13:10:00,445.68000000000001,446.75569999999999,444.06,444.13
2012-01-25 13:15:00,445.33999999999997,445.76999999999998,445.13260000000002,445.69999999999999
2012-01-25 13:20:00,445.37,445.86000000000001,445.27999999999997,445.33999999999997
2012-01-25 13:35:00,446.70999999999998,446.88,445.19,445.37
2012-01-25 13:40:00,446.79000000000002,447.0,446.61000000000001,446.69999999999999
2012-01-25 13:45:00,447.38999999999999,447.74000000000001,446.6112,446.80000000000001
2012-01-25 13:50:00,447.81,447.81999999999999,447.29739999999998,447.38659999999999
2012-01-25 13:55:00,448.0,448.10000000000002,447.62,447.81
2012-01-25 14:05:00,447.43000000000001,448.05000000000001,447.38,447.94
2012-01-25 14:10:00,447.10770000000002,447.59500000000003,447.02999999999997,447.43000000000001
2012-01-25 14:15:00,447.45999999999998,447.69999999999999,447.05000000000001,447.11000000000001
2012-01-25 14:20:00,447.49990000000003,447.75,447.13999999999999,447.47570000000002
2012-01-25 14:25:00,447.5,447.63999999999999,446.67000000000002,447.49990000000003
2012-01-25 14:35:00,447.55500000000001,447.64350000000002,447.45999999999998,447.54000000000002
2012-01-25 14:40:00,447.25,447.63,447.01010000000002,447.56999999999999
2012-01-25 14:45:00,447.37,447.49000000000001,446.67000000000002,447.22000000000003
2012-01-25 14:50:00,447.19040000000001,447.42000000000002,447.06,447.37
2012-01-25 15:00:00,446.41000000000003,447.31,446.35000000000002,447.12
2012-01-25 15:05:00,446.77999999999997,446.79000000000002,446.25,446.41000000000003
2012-01-25 15:10:00,446.38,446.73000000000002,446.30099999999999,446.71100000000001
2012-01-25 15:20:00,447.4409,447.48250000000002,446.22000000000003,446.31220000000002
2012-01-25 15:25:00,447.30000000000001,447.51999999999998,447.08999999999997,447.44
2012-01-25 15:30:00,447.38780000000003,447.49000000000001,447.19,447.26999999999998
2012-01-25 15:35:00,447.14999999999998,447.45999999999998,446.7611,447.36000000000001
2012-01-25 15:40:00,447.06999999999999,447.31999999999999,447.00999999999999,447.1628
2012-01-25 15:45:00,447.19999999999999,447.35000000000002,447.00999999999999,447.06999999999999
2012-01-25 15:50:00,447.06999999999999,447.38,446.755,447.19999999999999
2012-01-25 15:55:00,447.20300000000003,447.30000000000001,447.05000000000001,447.06999999999999
2012-01-25 16:00:00,446.55000000000001,447.25999999999999,446.5,447.22000000000003
2012-01-26 09:35:00,447.10000000000002,448.79000000000002,446.61000000000001,446.61000000000001
2012-01-26 09:40:00,446.02999999999997,447.17000000000002,446.01999999999998,447.10000000000002
2012-01-26 09:45:00,447.06,447.19999999999999,445.88,446.06999999999999
2012-01-26 09:50:00,447.93000000000001,447.97000000000003,447.02999999999997,447.06
2012-01-26 09:55:00,448.06,448.14999999999998,447.31150000000002,447.95999999999998
2012-01-26 10:00:00,448.10000000000002,448.29000000000002,448.00999999999999,448.06
2012-01-26 10:05:00,447.56,448.10000000000002,447.30000000000001,448.10000000000002
2012-01-26 10:15:00,447.60000000000002,447.77999999999997,446.89999999999998,447.56
2012-01-26 10:20:00,447.45999999999998,447.85989999999998,447.33999999999997,447.60000000000002
2012-01-26 10:25:00,447.36000000000001,447.56999999999999,447.16000000000003,447.42500000000001
2012-01-26 10:30:00,446.57999999999998,447.54000000000002,446.56999999999999,447.36000000000001
2012-01-26 10:35:00,446.048,447.13850000000002,445.89999999999998,446.57999999999998
2012-01-26 10:40:00,446.05000000000001,446.26999999999998,445.85000000000002,446.13220000000001
2012-01-26 10:45:00,444.49000000000001,446.18000000000001,444.44999999999999,446.01999999999998
2012-01-26 10:50:00,444.68000000000001,445.47000000000003,444.44,444.49000000000001
2012-01-26 10:55:00,444.74000000000001,445.01369999999997,444.35000000000002,444.68000000000001
2012-01-26 11:00:00,444.26999999999998,445.01999999999998,444.11000000000001,444.75999999999999
2012-01-26 11:05:00,444.93220000000002,445.3999,443.83999999999997,444.26999999999998
2012-01-26 11:30:00,445.44220000000001,445.66000000000003,444.47089999999997,444.94
2012-01-26 11:35:00,445.39350000000002,445.58999999999997,445.16000000000003,445.44999999999999
2012-01-26 11:40:00,445.27999999999997,445.54000000000002,445.19999999999999,445.36000000000001
2012-01-26 11:45:00,444.58999999999997,445.27999999999997,444.57999999999998,445.26999999999998
2012-01-26 11:50:00,444.67000000000002,445.08550000000002,444.35000000000002,444.58999999999997
2012-01-26 11:55:00,445.25999999999999,445.32999999999998,444.67000000000002,444.67000000000002
2012-01-26 12:00:00,445.32010000000002,445.55000000000001,445.08999999999997,445.25999999999999
2012-01-26 12:05:00,445.13999999999999,445.36000000000001,444.75,445.31999999999999
2012-01-26 12:15:00,444.83600000000001,445.17000000000002,444.82999999999998,445.10449999999997
2012-01-26 12:30:00,444.69999999999999,444.91000000000003,444.39999999999998,444.89859999999999
2012-01-26 12:35:00,445.02999999999997,445.14999999999998,444.67000000000002,444.73199999999997
2012-01-26 12:40:00,444.94999999999999,445.02999999999997,444.75999999999999,445.02999999999997
2012-01-26 12:50:00,444.42000000000002,445.05000000000001,444.14999999999998,444.94999999999999
2012-01-26 12:55:00,444.48000000000002,444.61000000000001,444.19999999999999,444.45999999999998
2012-01-26 13:10:00,444.18000000000001,444.75,444.14999999999998,444.48000000000002
2012-01-26 13:15:00,444.43000000000001,444.51999999999998,444.13,444.18000000000001
2012-01-26 13:20:00,444.07999999999998,444.43000000000001,444.07999999999998,444.43000000000001
2012-01-26 13:25:00,444.42000000000002,444.47000000000003,443.76999999999998,444.06999999999999
2012-01-26 13:40:00,444.06999999999999,444.64999999999998,443.89999999999998,444.44999999999999
2012-01-26 13:45:00,443.94999999999999,444.38999999999999,443.94999999999999,444.05000000000001
2012-01-26 13:50:00,444.25,444.64999999999998,443.98000000000002,444.01999999999998
2012-01-26 14:00:00,444.57999999999998,444.63999999999999,444.19999999999999,444.27780000000001
2012-01-26 14:05:00,444.36000000000001,444.63999999999999,444.25999999999999,444.60000000000002
2012-01-26 14:10:00,444.51999999999998,444.51999999999998,444.10000000000002,444.36000000000001
2012-01-26 14:15:00,444.59989999999999,444.62,444.25,444.51999999999998
2012-01-26 14:20:00,444.19,444.64499999999998,444.0,444.60000000000002
2012-01-26 14:25:00,444.20999999999998,444.24000000000001,443.80000000000001,444.14999999999998
2012-01-26 14:35:00,444.38,444.60000000000002,444.0,444.20999999999998
2012-01-26 14:45:00,444.38999999999999,444.44,444.01999999999998,444.22000000000003
2012-01-26 14:55:00,444.75999999999999,444.76900000000001,444.30000000000001,444.38999999999999
2012-01-26 15:00:00,444.26999999999998,444.75999999999999,444.26999999999998,444.72000000000003
2012-01-26 15:10:00,444.31,444.48000000000002,443.89999999999998,444.26999999999998
2012-01-26 15:15:00,444.29000000000002,444.33999999999997,444.08999999999997,444.30000000000001
2012-01-26 15:20:00,444.13,444.33999999999997,444.07999999999998,444.29000000000002
2012-01-26 15:25:00,443.98000000000002,444.17000000000002,443.56999999999999,444.13
2012-01-26 15:30:00,443.25,444.25,443.13999999999999,443.99000000000001
2012-01-26 15:35:00,443.54000000000002,443.79000000000002,443.20260000000002,443.20260000000002
2012-01-26 15:40:00,443.92000000000002,444.0,443.42000000000002,443.54000000000002
2012-01-26 15:45:00,444.02999999999997,444.25,443.87,443.91000000000003
2012-01-26 15:50:00,444.18000000000001,444.24000000000001,443.9427,444.02999999999997
2012-01-26 15:55:00,444.13,444.27999999999997,444.10000000000002,444.17000000000002
2012-01-26 16:00:00,444.63,444.67000000000002,443.93090000000001,444.13999999999999
2012-01-27 09:35:00,445.33999999999997,445.43000000000001,443.76999999999998,444.63
2012-01-27 09:40:00,445.38990000000001,445.54000000000002,444.35000000000002,445.36000000000001
2012-01-27 09:45:00,445.68000000000001,445.81999999999999,444.95999999999998,445.38999999999999
2012-01-27 09:50:00,445.77879999999999,445.95999999999998,445.5,445.75
2012-01-27 09:55:00,446.23000000000002,446.31999999999999,445.60000000000002,445.70999999999998
2012-01-27 10:00:00,446.75999999999999,447.19999999999999,446.04000000000002,446.30000000000001
2012-01-27 10:05:00,445.94999999999999,446.76999999999998,445.64999999999998,446.75999999999999
2012-01-27 10:10:00,445.86000000000001,446.04000000000002,445.41000000000003,445.98000000000002
2012-01-27 10:15:00,446.20999999999998,446.64400000000001,445.64999999999998,445.81999999999999
2012-01-27 10:20:00,445.83839999999998,446.44999999999999,445.81,446.22000000000003
2012-01-27 10:25:00,446.08999999999997,446.13,445.80000000000001,445.82999999999998
2012-01-27 10:30:00,445.97000000000003,446.25999999999999,445.91000000000003,446.07999999999998
2012-01-27 10:35:00,446.03219999999999,446.37,445.89999999999998,445.95999999999998
2012-01-27 10:40:00,445.79900000000004,446.14999999999998,445.75,446.02999999999997
2012-01-27 10:50:00,445.38,445.83999999999997,445.0,445.76999999999998
2012-01-27 10:55:00,445.85000000000002,445.94999999999999,445.31,445.36520000000002
2012-01-27 11:00:00,445.95999999999998,445.96929999999998,445.69999999999999,445.88999999999999
2012-01-27 11:10:00,446.26999999999998,446.32999999999998,445.39999999999998,445.97000000000003
2012-01-27 11:15:00,446.25,446.35000000000002,446.13,446.26999999999998
2012-01-27 11:20:00,446.56999999999999,446.58999999999997,446.20949999999999,446.26999999999998
2012-01-27 11:25:00,446.56,446.69999999999999,446.39999999999998,446.56999999999999
2012-01-27 11:35:00,445.91000000000003,446.69999999999999,445.91000000000003,446.58999999999997
2012-01-27 11:55:00,445.51999999999998,446.01490000000001,445.37,445.92000000000002
2012-01-27 12:25:00,445.55000000000001,445.88,445.06,445.56
2012-01-27 12:30:00,445.79000000000002,445.83999999999997,445.48219999999998,445.55000000000001
2012-01-27 12:50:00,445.94,446.06999999999999,445.30000000000001,445.79000000000002
2012-01-27 13:05:00,445.79590000000002,445.9907,445.32999999999998,445.88
2012-01-27 13:35:00,445.93000000000001,446.0,445.50999999999999,445.80500000000001
2012-01-27 13:40:00,445.82999999999998,446.25,445.76999999999998,445.93000000000001
2012-01-27 13:50:00,446.01999999999998,446.25999999999999,445.81790000000001,445.82999999999998
2012-01-27 14:05:00,446.16000000000003,446.31999999999999,446.0,446.01960000000003
2012-01-27 14:10:00,445.94,446.15600000000001,445.75999999999999,446.13999999999999
2012-01-27 14:25:00,445.70999999999998,446.19999999999999,445.69999999999999,445.9599
2012-01-27 14:40:00,446.0,446.02999999999997,445.51999999999998,445.70999999999998
2012-01-27 14:50:00,445.82999999999998,446.05000000000001,445.69999999999999,446.0
2012-01-27 15:05:00,446.0,446.04000000000002,445.67000000000002,445.82999999999998
2012-01-27 15:10:00,446.19,446.27999999999997,445.93000000000001,445.97000000000003
2012-01-27 15:25:00,447.26999999999998,447.32999999999998,446.10000000000002,446.19499999999999
2012-01-27 15:30:00,447.14999999999998,447.31999999999999,446.75,447.29989999999998
2012-01-27 15:35:00,446.97000000000003,447.17000000000002,446.75,447.1499
2012-01-27 15:40:00,447.27249999999998,447.30000000000001,446.94099999999997,446.97000000000003
2012-01-27 15:45:00,448.42000000000002,448.43000000000001,447.26999999999998,447.27099999999996
2012-01-27 15:50:00,447.88999999999999,448.48000000000002,447.55000000000001,448.38999999999999
2012-01-27 15:55:00,447.66000000000003,447.91000000000003,447.49000000000001,447.88999999999999
2012-01-27 16:00:00,447.43000000000001,447.85000000000002,447.27999999999997,447.66000000000003
2012-01-30 09:35:00,446.5,447.43000000000001,445.38999999999999,447.43000000000001
2012-01-30 09:40:00,446.85000000000002,447.08999999999997,445.69999999999999,446.40980000000002
2012-01-30 09:45:00,448.19,448.68000000000001,446.81,446.8501
2012-01-30 09:50:00,447.35000000000002,448.35000000000002,447.25999999999999,448.16000000000003
2012-01-30 10:00:00,447.70999999999998,448.27999999999997,446.74000000000001,447.36000000000001
2012-01-30 10:15:00,448.61000000000001,448.61000000000001,447.50999999999999,447.70999999999998
2012-01-30 10:20:00,449.61000000000001,449.77999999999997,448.49000000000001,448.61000000000001
2012-01-30 10:25:00,450.44999999999999,450.48989999999998,449.52999999999997,449.60699999999997
2012-01-30 10:30:00,449.67000000000002,450.75,449.62,450.44990000000001
2012-01-30 10:40:00,450.38999999999999,450.44999999999999,449.55000000000001,449.64999999999998
2012-01-30 10:45:00,451.32999999999998,451.32999999999998,450.39999999999998,450.39999999999998
2012-01-30 10:50:00,452.17000000000002,452.54000000000002,451.26999999999998,451.32999999999998
2012-01-30 10:55:00,451.81,452.44999999999999,451.75999999999999,452.13
2012-01-30 11:00:00,452.79000000000002,452.85000000000002,451.51999999999998,451.81
2012-01-30 11:05:00,452.51199999999994,453.35000000000002,452.39999999999998,452.80000000000001
2012-01-30 11:10:00,452.40010000000001,452.96069999999997,452.38,452.50999999999999
2012-01-30 11:15:00,451.79000000000002,452.69999999999999,451.62,452.39999999999998
2012-01-30 11:20:00,452.5,452.5,451.75,451.80000000000001
2012-01-30 11:25:00,452.33999999999997,452.62,451.83909999999997,452.5
2012-01-30 11:40:00,451.88999999999999,452.56,451.69999999999999,452.28769999999997
2012-01-30 11:45:00,451.82999999999998,452.13999999999999,451.64999999999998,451.81999999999999
2012-01-30 11:50:00,452.32999999999998,452.35000000000002,451.82999999999998,451.82999999999998
2012-01-30 12:00:00,452.08999999999997,452.35000000000002,451.69,452.30000000000001
2012-01-30 12:10:00,452.57999999999998,452.61000000000001,451.95999999999998,452.036
2012-01-30 12:15:00,452.94,452.99000000000001,452.529,452.55000000000001
2012-01-30 12:25:00,453.22000000000003,453.5,452.89999999999998,452.94
2012-01-30 12:35:00,452.76999999999998,453.38999999999999,452.66000000000003,453.19999999999999
2012-01-30 12:45:00,452.42099999999999,452.95999999999998,452.25,452.76999999999998
2012-01-30 12:50:00,452.27699999999999,452.56699999999995,452.14999999999998,452.42000000000002
2012-01-30 12:55:00,452.56999999999999,452.60000000000002,452.19999999999999,452.2901
2012-01-30 13:00:00,452.68000000000001,452.91000000000003,452.45999999999998,452.58960000000002
2012-01-30 13:20:00,452.56650000000002,453.13999999999999,452.05000000000001,452.69
2012-01-30 13:30:00,453.25999999999999,453.44999999999999,452.48000000000002,452.52099999999996
2012-01-30 13:35:00,453.34500000000003,453.5,453.20999999999998,453.33999999999997
2012-01-30 13:40:00,453.69749999999999,453.89999999999998,453.33999999999997,453.35000000000002
2012-01-30 13:55:00,452.89999999999998,453.82999999999998,452.88999999999999,453.69999999999999
2012-01-30 14:00:00,453.02999999999997,453.12,452.7022,452.92500000000001
2012-01-30 14:05:00,452.94999999999999,453.61900000000003,452.89999999999998,453.02999999999997
2012-01-30 14:10:00,453.42000000000002,453.43779999999998,452.95999999999998,453.00999999999999
2012-01-30 14:15:00,453.38,453.61000000000001,452.95999999999998,453.38999999999999
2012-01-30 14:20:00,453.38,453.44999999999999,453.25999999999999,453.39999999999998
2012-01-30 14:25:00,452.88,453.60000000000002,452.851,453.37990000000002
2012-01-30 14:45:00,453.47000000000003,453.5,452.75999999999999,452.88
2012-01-30 14:50:00,453.25999999999999,453.56,453.16000000000003,453.48000000000002
2012-01-30 15:00:00,453.31,453.44999999999999,453.25,453.25999999999999
2012-01-30 15:10:00,452.72000000000003,453.38,452.69999999999999,453.30000000000001
2012-01-30 15:15:00,453.04559999999998,453.14999999999998,452.69999999999999,452.73000000000002
2012-01-30 15:20:00,453.06999999999999,453.12,452.94130000000001,453.04900000000004
2012-01-30 15:25:00,452.95999999999998,453.08999999999997,452.69999999999999,453.00999999999999
2012-01-30 15:30:00,453.35000000000002,453.35000000000002,452.91000000000003,452.95999999999998
2012-01-30 15:35:00,452.91500000000002,453.36989999999997,452.85000000000002,453.34399999999999
2012-01-30 15:40:00,452.0,452.94,451.81999999999999,452.88999999999999
2012-01-30 15:45:00,452.43000000000001,452.56999999999999,451.95999999999998,452.0
2012-01-30 15:50:00,452.56999999999999,452.57999999999998,452.18000000000001,452.45999999999998
2012-01-30 15:55:00,452.88,452.97000000000003,452.52999999999997,452.57999999999998
2012-01-30 16:00:00,453.00999999999999,453.00999999999999,452.63999999999999,452.88
2012-01-31 09:35:00,456.31,456.44999999999999,455.17000000000002,455.67000000000002
2012-01-31 09:40:00,457.37,457.55400000000003,456.33999999999997,456.36000000000001
2012-01-31 09:55:00,456.91000000000003,457.45999999999998,456.0,457.36989999999997
2012-01-31 10:00:00,457.33999999999997,457.60000000000002,456.5,456.89999999999998
2012-01-31 10:05:00,457.35000000000002,457.74000000000001,456.60000000000002,457.33999999999997
2012-01-31 10:10:00,457.0,457.5,456.5,457.35000000000002
2012-01-31 10:15:00,457.42000000000002,457.56999999999999,456.94999999999999,456.99000000000001
2012-01-31 10:20:00,457.72000000000003,458.0,457.26999999999998,457.43000000000001
2012-01-31 10:25:00,457.79000000000002,457.81999999999999,457.38,457.70999999999998
2012-01-31 10:30:00,458.02999999999997,458.24000000000001,457.67000000000002,457.77999999999997
2012-01-31 10:40:00,456.82999999999998,458.06999999999999,456.74000000000001,458.05000000000001
2012-01-31 11:00:00,455.82999999999998,458.0,455.41000000000003,456.76099999999997
2012-01-31 11:10:00,455.99000000000001,456.35000000000002,455.82999999999998,455.82999999999998
2012-01-31 11:15:00,455.12,456.0,455.06,455.99000000000001
2012-01-31 11:25:00,455.85000000000002,455.88,455.10000000000002,455.10000000000002
2012-01-31 11:30:00,455.68000000000001,456.07999999999998,455.57999999999998,455.88
2012-01-31 11:40:00,455.19999999999999,455.79000000000002,454.64999999999998,455.68000000000001
2012-01-31 11:45:00,454.69999999999999,455.23989999999998,454.57010000000002,455.22460000000001
2012-01-31 11:50:00,453.68779999999998,454.88,453.27999999999997,454.69999999999999
2012-01-31 11:55:00,453.12,454.19,453.11000000000001,453.69
2012-01-31 12:05:00,454.37990000000002,454.39999999999998,453.06999999999999,453.12
2012-01-31 12:20:00,454.13,454.66000000000003,453.81999999999999,454.38
2012-01-31 12:25:00,453.44999999999999,454.29000000000002,453.44999999999999,454.16000000000003
2012-01-31 12:35:00,454.10000000000002,454.16000000000003,453.18000000000001,453.44
2012-01-31 12:40:00,454.12,454.27999999999997,453.54000000000002,454.10000000000002
2012-01-31 13:50:00,454.19800000000004,454.99000000000001,453.76999999999998,454.13999999999999
2012-01-31 14:00:00,454.084,454.291,453.81,454.18000000000001
2012-01-31 14:10:00,454.36000000000001,454.48000000000002,453.88,454.04000000000002
2012-01-31 14:15:00,454.81,454.94999999999999,454.25999999999999,454.33999999999997
2012-01-31 14:20:00,455.13,455.25999999999999,454.76999999999998,454.81
2012-01-31 14:30:00,455.63999999999999,455.75999999999999,455.11000000000001,455.13999999999999
2012-01-31 14:35:00,455.97000000000003,455.99000000000001,455.63,455.65899999999999
2012-01-31 14:40:00,455.43000000000001,455.964,455.40100000000001,455.94
2012-01-31 14:45:00,455.39999999999998,455.57999999999998,455.19999999999999,455.43000000000001
2012-01-31 14:50:00,455.23970000000003,455.39999999999998,454.93990000000002,455.39999999999998
2012-01-31 15:00:00,455.69,455.97199999999998,455.19,455.20999999999998
2012-01-31 15:10:00,456.16000000000003,456.19999999999999,455.39999999999998,455.63330000000002
2012-01-31 15:15:00,456.31900000000002,456.39999999999998,455.92000000000002,456.16000000000003
2012-01-31 15:20:00,456.42000000000002,456.64999999999998,456.30800000000005,456.36000000000001
2012-01-31 15:35:00,455.70999999999998,456.64999999999998,454.39999999999998,456.42000000000002
2012-01-31 15:45:00,456.19,456.31999999999999,455.51999999999998,455.67000000000002
2012-01-31 15:50:00,456.35000000000002,456.47000000000003,456.13999999999999,456.19
2012-01-31 15:55:00,456.07999999999998,456.43000000000001,456.00999999999999,456.37
